[
    {
        "question": "_______ is the smallest unit of data in a computer ?",
        "options": ["Gigabyte", "Bit", "Byte", "Terabyte"],
        "answer": "Bit"
    },

    {
        "question": "Which of the following is NOT an anti-virus software ?",
        "options": ["Avast", "Linux", "Norton", "Kaspersky"],
        "answer": "Linux"
    },

    {
        "question": "In the context of digital computer, which of the following pairs of digits is referred to as binary code ?",
        "options": ["3 and 4", "0 and 1", "2 and 3", "1 and 2"],
        "answer": "0 and 1"
    },

    {
        "question": "Which unit of the computer is considered as the brain of the computer ?",
        "options": ["Memory unit", "Input unit", "CPU", "Output unit"],
        "answer": "CPU"
    },

    {
        "question": "What is the full form of PROM ?",
        "options": ["Program read-only memory", "Primary read-only memory", "Programmable read-only memory", "Program read-output memory"],
        "answer": "Programmable read-only memory"
    },

    {
        "question": "In the context of computing, what is the full form of URL ?",
        "options": ["Undistributed Resource Locator", "Unified Resource Locator", "Uniform Resource Locator", "Uniform Region Locator"],
        "answer": "Uniform Resource Locator"
    },

    {
        "question": "Which of the following is an input device used to enter motion data in computers or other electronic devices ?",
        "options": ["Monitor", "Trackball", "Plotter", "Joystick"],
        "answer": "Joystick"
    },

    {
        "question": "In the context of computing, a byte is equal to _____ bits ?",
        "options": ["4", "16", "24", "8"],
        "answer": "8"
    },

    {
        "question": "_____ is a small, portable flash memory card that plugs into a computer’s USB port and functions as a portable hard drive ?",
        "options": ["Flash drive", "CD-RW", "DVD-ROM", "CD-ROM"],
        "answer": "Flash drive"
    },
    
    {
        "question": "Which of the following devices is NOT used to enter data into a computer ?",
        "options": ["Mouse", "Keyboard", "Scanner", "Monitor"],
        "answer": "Monitor"
    }
]
